date_,time_,title,content
28-10-2022,17:00,Греф назвал важнейшие для современного человека навыки,В первую очередь необходимо овладевать мягкими навыками (soft skills) затем цифровыми и уже потом профессиональными сказал президент Сбербанка Герман Греф на конференции Больше чем обучение которая прошла в СберУниверситете 
12-10-2022,14:00,Сбербанк заявил о готовности финансировать нефтегазовые проекты в юанях,В настоящее время в Сбербанке находятся на рассмотрении новые проекты в нефтегазовой отрасли на сумму около 3 трлн рублей сообщил первый зампредседателя правления банка Александр Ведяхин 
10-10-2022,16:00,Аналитик предрек повторное удаление приложения Сбербанка из AppStore,Аналитик Mobile Research Group Эльдар Муртазин 10 октябрь прокомментировал Известиям информацию о том что приложение СБОЛ которое является альтернативой Сбербанку Онлайн для устройств на платформе iOS вновь появилось в цифровом магазине AppStore 
08-10-2022,12:00,Под гнетом санкций: что делать если карты перестали работать,В приложения российских банков стало невозможно зайти из-за границы 
07-10-2022,19:00,Вход усложнен: с чем связаны сбои в работе онлайн-банков РФ за рубежом,7 октября в разных странах перестали открываться приложения и сайты подсанкционных организаций 
07-10-2022,18:00,Почему за границей не работает приложение Сбербанка Главное,Клиенты сервисов Сбербанка находящиеся в настоящее время в Армении Узбекистане и Казахстане пожаловались на неполадки с сервисами финансовой организации Всё что известно о ситуации к данному моменту в материале Известий 
07-10-2022,16:00,Сбер предупредил о возможных проблемах в работе приложения за рубежом,Находящиеся за границей клиенты Сбербанка могут столкнуться с временными ограничениями при использовании приложения Сбербанк Онлайн из-за технических работ сообщили Известиям в пресс-службе компании 7 октябрь 
05-10-2022,12:00,Новые рекорды и новые вызовы,Первый заместитель председателя правления Сбербанка Александр Ведяхин об оптимизации процессов производства зерновых 
20-09-2022,16:00,Зампред правления Сбербанка Златкис покинула свой пост,Зампред правления Сбербанка Белла Златкис покинула свой пост по собственному желанию Об этом говорится в сообщении пресс-службы банка во вторник 20 сентября 
16-09-2022,16:00,Сбер снижает первоначальный взнос по ипотеке на вторичное жилье,С 19 сентября Сбер снизит первоначальный взнос при покупке жилья на вторичном рынке в ипотеку с 15 процентов до 10 процентов Об этом 16 сентября сообщила пресс-служба банка 
15-09-2022,17:00,Сбер начал перевод своих сайтов на российские сертификаты,Сбер первым в стране начал установку сертификатов выпущенных Удостоверяющим Центром Минцифры на все свои сайты рабочие ресурсы и системы Об этом сообщила пресс-служба кредитного учреждения 
13-09-2022,10:00,Сбербанк продолжил процесс дедолларизации,В рамках процесса дедолларизации Сбербанк переориентируется на альтернативные валюты в первую очередь китайские юани и индийские рупии Об этом сообщает РБК со ссылкой на зампреда правления банка Анатолия Попова 
06-09-2022,18:00,Сбер рассчитывает открыть филиал в Китае,Сбер рассчитывает открыть филиал в Китае заявил в интервью Известиям на ВЭФ-2022 первый зампред правления банка Александр Ведяхин Это позволит банку вести коммерческую деятельность в стране 
06-09-2022,17:00,Мы надеемся открыть в Китае отдельный филиал,Первый зампред правления Сбера Александр Ведяхин о бизнесе за рубежом объективности ИИ и зеленой ипотеке 
06-09-2022,11:00,В 2023 году Сбер запустит Зеленую ипотеку,В 2023 году Сбер планирует запустить Зеленую ипотеку предназначенную для покупки жилья относящегося к экосегменту 
02-09-2022,17:00,Сервисы Гостех разместятся в новом Центре обработки данных Сбера,Сервисы единой цифровой платформы Гостех разместятся на мощностях Центра обработки данных (ЦОД) Сбера который строится в городе Балаково в Саратовской области 
31-08-2022,14:00,Греф назвал ключевые технологии будущего,Президент Сбербанка Герман Греф назвал семь ключевых технологий будущего: искусственный интеллект высокоскоростной интернет (5G/6G) облачные вычисления web 3 0 виртуальная и дополненная реальность квантовые вычисления и биотехнологии 
23-08-2022,13:00,Приложение СБОЛ исчезло из App Store,Приложение СБОЛ которое давало возможность клиентам Сбербанка с устройствами на iOS использовать сервисы банка удалено из App Store 
22-08-2022,22:00,Вице-премьер отметил вклад Сбера в подготовку IT-кадров,От качественной подготовки в России IT-кадров зависит не только эффективность цифровизации ведущих отраслей экономики но и технологический суверенитет страны заявил зампред правительства Дмитрий Чернышенко 
22-08-2022,21:00,Сбер подготовит IT-специалистов в Новгороде,Сбер откроет в Великом Новгороде Школу 21 учебное заведение которое готовит кадры в области информационных технологий Как сообщает пресс-служба компании образовательное учреждение появится в одном из корпусов Новгородской технической школы 
16-08-2022,13:00,Появился агрегатор банковских приложений для iOS,В App Store появилось новое мобильное приложение СБОЛ Система банковского обслуживания для людей 
16-08-2022,23:00,Крупные банки планируют улучшить условия по кешбэкам,В случае отмены ограничений по эквайринговым комиссиям Сбер вернет прежние условия по программам лояльности рассказали Известиям в кредитной организации 
16-08-2022,22:00,На круги своим: Сбер планирует улучшить условия по кешбэкам,Когда другие участники рынка могут изменить системы вознаграждения клиентов 
12-08-2022,12:00,В Сбере рассказали про развитие всесезонного курорта Манжерок,В Сбере ожидают что в этом году всесезонный курорт Манжерок в Республике Алтай посетят на 30 процентов больше гостей чем в 2021-м 
08-08-2022,18:00,Сбербанк начнет прием заявок по новой программе инвесткредитования МСБ,Сбербанк с 9 августа начнет принимать заявки по новой льготной программе Минэкономразвития по кредитованию инвестиционных проектов малого и среднего бизнеса 
04-08-2022,15:00,Сервис СберМаркет снизил стоимость доставки,СберМаркет снизил стоимость доставки заказов теперь она составит 129 рублей для заказов в плановой доставке и 59 рублей в быстрой Об этом сообщила пресс-служба компании 
27-07-2022,14:00,Сбербанк повысит стоимость уведомлений с 1 августа,Сбербанк повысит стоимость уведомлений на 10 рублей с 1 августа Об этом сообщили в кредитной организации 
25-07-2022,13:00,Сбер упростил предпринимателям процесс выставления счетов,Сбер запустил для предпринимателей новый сервис выставления счетов Сего помощью пользователи интернет-банка СберБизнес могут быстро создать счет на оплату и отправить его контрагенту сообщает пресс-служба кредитной организации 
22-07-2022,12:00,Сбербанк заявил об отсутствии влияния новых санкций на его работу в России,Новые антироссийские санкции Евросоюза не окажут влияния на работу Сбербанка внутри России Об этом 22 июля заявили в кредитно-финансовой организации 
21-07-2022,15:00,Сбербанк и мотоклуб Ночные волки попали в черный список ЕС,Верховный представитель ЕС по иностранным делам и политике безопасности Жозеп Боррель 21 июля подтвердил что Сбербанк и российский мотоклуб Ночные волки попадают в черный список Евросоюза в рамках седьмого пакета санкций 
21-07-2022,14:00,Сбер сообщил о возобновлении работы всех сервисов,Сбер 21 июля сообщил о возобновлении работы всех электронных сервисов банка 
21-07-2022,12:00,Приложение Сбербанк Онлайн заработало после устранения неполадок,Сбой в работе приложения Сбербанк Онлайн о котором из-за якобы неполадок с интернетом сообщили пользователи 21 июля устранен 
20-07-2022,17:00,Постпреды стран ЕС утвердили седьмой пакет санкций против России,Постоянные представители стран Евросоюза утвердили седьмой пакет антироссийских санкций Об этом 20 июля заявил постпред Литвы в ЕС Арнольдас Пранцкявичюс 
20-07-2022,12:00,Сбер предупредил россиян о новом способе мошенничества,Телефонные мошенники придумали новый способ обмана людей посредством звонка от имени якобы работников телекоммуникационных компаний Об этом 20 июля сообщает пресс-служба Сбера 
17-07-2022,12:00,Сбер помог установить в парке Дербента крупнейший в России фонтан,На территории парка имени Низами Гянджеви в Дербенте установили самый большой в России светомузыкальный фонтанный комплекс Его площадь составляет 47 тысяч квадратных метров сообщает пресс-служба Сбера который профинансировал строительство 
12-07-2022,12:00,Сбербанк опроверг сведения о массовых повышениях первого взноса по ипотеке,В Сбербанке опровергли сообщения СМИ о повышении первоначального взноса по ипотеке по уже одобренным заявкам 
08-07-2022,14:00,Эксперт допустил кражу данных из-за переустановки чипов со старых карт на новые,Переустановка чипов из неактивированных банковских карт на новые может привести к краже пользовательских данных однако вряд ли проблема будет нести массовый характер 
08-07-2022,13:00,Сбербанк решил переустанавливать чипы со старых карт на новые,Из-за нехватки чипов для банковских карт Сбербанк вынужден переустанавливать микросхемы из неактивированных карт в новые Об этом рассказала исполнительный директор начальник отдела киберкомплаенса Сбербанка Ольга Маклашина 
06-07-2022,14:00,Сбер выдал клиентам 5 миллионов новых кредитных карт,Число клиентов с кредитной СберКартой превысило 5 миллион человек меньше чем за год сообщает пресс-служба Сбера 
05-07-2022,15:00,VK и Сбер ведут переговоры о продаже Delivery Club,VK и Сбер ведут переговоры о продаже сервиса доставки готовой еды Delivery Club Об этом 5 июля сообщает ТАСС со ссылкой на ход переговоров 
01-07-2022,18:00,Сбербанк снизил ставку по накопительному счету до 6 процентов годовых,Сбербанк понизил базовую ставку по накопительным счетам до 6 процентов годовых Об этом 1 июля сообщает пресс-служба кредитной организации 
01-07-2022,23:00,Сбер ввел комиссию за переводы через приложения других банков,Начиная с пятницы 1 июля в Сбере начала действовать комиссия за переводы на карты других банков через их сайты и приложения О соответствующем решении компания объявила еще 24 июня 
30-06-2022,18:00,Аналитик допустила снижение активности инвесторов из-за невыплаты Сбером дивидендов,Решение акционеров Сбербанка не выплачивать дивиденды за прошедший год может привести к снижению активности инвесторов на внутреннем рынке и к оттоку капитала 
30-06-2022,17:00,Три российские компании отменили дивиденды акционерам в 2022 году Главное,В четверг 30 июня состоялись годовые собрания акционеров (ГОСы) ПАО Газпром Сбербанк и Россети на которых были приняты решения по вопросам о распределении прибыли и о выплате дивидендов за 2021 год 
30-06-2022,13:00,Акционеры Сбербанка приняли решение не выплачивать дивиденды на акции,Акционеры Сбербанка на годовом собрании решили чистую прибыль за прошедший год не распределять и не выплачивать дивиденды на акции Об этом говорится в сообщении банка 30 июня 
28-06-2022,16:00,Экоскамейки из переработанного пластика появились в Омске,В Омске на Зеленом острове появились экоскамейки из переработанного пластика 
24-06-2022,14:00,Сбер вводит комиссию за переводы через приложения других банков,Сбербанк России введет с 1 июля комиссию за стягивание средств с карт через приложения и сайты других банков Об этом 24 июня сообщил официальный сайт Сбера 
22-06-2022,17:00,Названа российская компания лидер по продажам собственных IT-разработок,Портал TAdviser назвал основанную Сбербанком компанию BI ZONE лидером по продажам собственных разработок среди поставщиков российского ПО в 2021 году 
17-06-2022,14:00,Греф рассказал о сценариях трансформации российской экономики,В нынешних беспрецедентных условиях главным вызовом становится обеспечение структурной перестройки российской экономики заявил президент Сбербанка Герман Греф во время делового завтрака Российская экономика: как построить мост в будущее? организованного Сбером в рамках Петербургского международного экономического форума 
17-06-2022,11:00,Греф понадеялся на создание в России системы для компенсации отключения от SWIFT,Сбербанк рассчитывает на создание в России в течение ближайшего года эффективной системы способной компенсировать отключение от SWIFT Об этом глава банка Герман Греф заявил в интервью телеканалу Россия 24 в пятницу 17 июня 
17-06-2022,10:00,Греф назвал срок возвращения экономики России к уровню 2021 года без реформ,Экономика России вернется к уровням прошлого года примерно через 10 лет если ничего не предпринимать в текущей ситуации Об этом в пятницу 17 июня заявил президент Сбербанка Герман Греф на Петербургском международном экономическом форуме (ПМЭФ) 
17-06-2022,13:00,Греф назвал важнейший фактор устойчивости российской экономики,Экономика России продемонстрировала совершенно неожиданную гибкость заявил президент Сбербанка Герман Греф в рамках Петербургского международного экономического форума (ПМЭФ) 
15-06-2022,13:00,Сбербанк заявил о дедолларизации вкладов россиян,Сбербанк фиксирует дедолларизацию вкладов россиян Об этом первый зампред правления кредитной организации Кирилл Царев заявил в среду 15 июня 
15-06-2022,12:00,Клиенты Сбера надежно защищены,Зампред правления Сбербанка Станислав Кузнецов о борьбе с мошенническими call-центрами и работе по импортозамещению 
14-06-2022,15:00,Сбербанк снизил ставки по ипотеке на 04 процентов,Сбербанк снизил ставки по ипотечному кредитованию на 04 процентов Об этом банк 14 июня сообщил на официальном сайте 
12-06-2022,13:00,Сбербанк снизил ставки по потребительским кредитам и вкладам,Сбербанк снизил ставки по потребительским кредитам и вкладам теперь максимальная ставка по рублевым депозитам составляет 8 процентов а минимальная базовая стоимость потребкредита 149 процентов годовых Это следует из сообщения банка и информации на его сайте 
08-06-2022,23:00,Сбербанк приостановил расчеты по внешнеторговым договорам в юанях,Сбербанк с 7 июня приостановил платежи бизнеса по внешнеторговым договорам в китайских юанях сообщил 8 июня представитель банка Коммерсанту 
06-06-2022,20:00,Активность девелоперов в России снизилась на треть,Активность застройщиков в I квартале 2022 года снизилась более чем на треть настолько реже они стали обращались за проектным финансированием в сравнении с аналогичным периодом прошлого года 
03-06-2022,19:00,Сбербанк раскрыл подробности работы колл-центра мошенников в Бердянске,Колл-центр мошенников в Бердянске действовал по согласованию с властями Украины 
02-06-2022,17:00,Постпреды ЕС утвердили тексты новых санкций против России,Постпреды Евросоюза 2 июня утвердили текст юридических документов по новым санкциям против России Шестой пакет санкций предусматривает отключение от SWIFT Сбербанка а также частичное эмбарго на нефть сообщили во французском председательстве ЕС 
02-06-2022,15:00,Герман Греф определил главный вызов в области социальной политики,Самым большим вызовом в области социальной политики является клиентоцентричность заявил президент Сбербанка Герман Греф 
01-06-2022,18:00,Сбер представил приоритетные цифровые проекты на ЦИПР-2022,Заместитель председателя правления Сбербанка Ольга Голодец выступая на ежегодной VII конференции Цифровая индустрия промышленной России рассказала о технологических решениях и разработках Сбера направленных на цифровизацию различных отраслей экономики социальной сферы и здравоохранения 
01-06-2022,23:00,Не договорили о цене: из банковских предложений о кредитах исчезли процентные ставки,В рекламных сообщениях теперь показывают только сумму кредита и срок действия предложения 
31-05-2022,15:00,Аналитик оценила последствия из-за отключения Сбера от SWIFT,В результате решения Евросоюза об отключении Сбербанка от SWIFT фактически ничего не изменится банк с 7 апреля остановил все переводы за рубеж в иностранной валюте 
31-05-2022,11:00,В Сбере прокомментировали решение Евросоюза об отключении банка от SWIFT,Сбер 31 мая прокомментировал решение Евросоюза об отключении организации от международной платежной системы SWIFT В пресс-службе банка заверили что это не отразится на работе организации и международных расчетах 
28-05-2022,10:00,Сбербанк снизит ставки по потребкредитам и ипотеке,С 28 мая Сбербанк снижает ставки по потребительским кредитам на 2 процентных пункта минимальная ставка теперь составит 159 процентов годовых 
24-05-2022,23:00,Семь российских банков вошли в число крупнейших эквайеров Европы,Лидером рейтинга топ-45 торговых эквайеров Европы (банков которые принимают платежи) в 2021 году в шестой раз подряд стал Сбер говорится в исследовании Nilson Report 
24-05-2022,21:00,Карты России: семь банков РФ вошли в число крупнейших эквайеров Европы,Как санкции повлияют на их позиции в 2022 году 
17-05-2022,16:00,Три члена правления Сбербанка покинули свои должности,Три сотрудника Сбербанка а именно член правления Наталья Алымова и зампреды в лице Александры Бурико и Сергея Мальцева покинули свои должности Об этом рассказали во вторник 17 мая в пресс-службе Сбера 
16-05-2022,20:00,Первый зампред правления Сбера рассказал о возвращении клиентов,В апреле приток средств на вклады в Сбербанке превысил отток зафиксированный в феврале и марте Об этом в интервью России 24 рассказал первый зампред правления Сбера Кирилл Царёв 
14-05-2022,23:00,Прямой отжим: Украина нацелилась на активы Cбербанка и ВЭБ,Банки намерены судиться за возвращение изъятых средств однако процесс будет долгим и сложным 
13-05-2022,20:00,Сбербанк предупредил пользователей App Store о приложениях мошенников,Сбербанк предупредил о появлении в App Store мошеннических приложений имитирующих его сервисы банк ведет работу по их блокировке Об этом 13 мая сообщили в пресс-службе кредитной организации 
12-05-2022,23:00,В Сбербанке рассказали о масштабной кибервойне против России,Зампредседателя правления Сбербанка Станислав Кузнецов заявил что России объявлена кибервойна в которой количество участников кибератак превышает 100 тысяч человек 
12-05-2022,19:00,Юрист оценил шансы Сбербанка выиграть в деле с инвестарбитражем против Украины,Инвестиционный арбитраж который инициирует Сбербанк с требованием о возмещении убытков после решения Совета национальной безопасности и обороны (СНБО) Украины об изъятии активов дело необходимое потому что фактически идет отъем денег выданных банками обнуление кредитных историй и перехода всего в ведение украинской управляющей структуры инвестфонда 
12-05-2022,15:00,Сбербанк инициирует инвестиционный арбитраж против Украины,Сбербанк инициирует инвестиционный арбитраж с требованием о возмещении убытков после решения совета национальной безопасности и обороны (СНБО) Украины об изъятии активов Об этом в четверг 12 мая сообщили в пресс-службе банка 
08-05-2022,15:00,Сбербанк увеличил сумму кредита по ипотеке с господдержкой,Сбербанк 8 мая увеличил максимальную сумму кредита по ипотеке с господдержкой до 30 миллион рублей для Москвы и Санкт-Петербурга а также для Московской и Ленинградской областей 
04-05-2022,19:00,Эксперты оценили последствия для россиян при отключении Сбербанка от SWIFT,В случае отключения от международной платежной системы SWIFT Сбербанка Россельхозбанка и МКБ ничего страшного для банков и их клиентов не произойдет 
04-05-2022,17:00,Сбербанк снизил ставку по ипотеке при регистрации сделки онлайн,Сбербанк снизил ставку по льготной ипотеке по программе Господдержка с 9 процентов до 87 процентов при электронной регистрации сделки Об этом сообщили в среду 4 мая в пресс-службе кредитной организации 
04-05-2022,12:00,Аналитик оценила последствия отключения ЕК двух российских банков от SWIFT,Возможное отключение Еврокомиссией от SWIFT Московского кредитного банка (МКБ) и Россельхозбанка а также включение Сбербанка в шестой пакет антироссийских санкций в моменте может привести к сбоям в международных расчетах но компании займутся поиском альтернативных банков для открытия счетов и проведения платежей 
04-05-2022,10:00,Еврокомиссия 4 мая представит шестой пакет санкций против России,Европейская комиссия (ЕК) в среду 4 мая готовится представить новый уже шестой по счету пакет санкций против Российской Федерации Об этом заявила в этот же день глава ЕК Урсула фон дер Ляйен в Страсбурге 
01-05-2022,15:00,Сбербанк снизил ставку по кредитам вслед за ключевой,С 1 мая Сбербанк снизил на два процентных пункта ставки по потребительским кредитам для всех категорий заемщиков Об этом сообщила пресс-служба кредитной организации 
01-05-2022,12:00,Сбербанк снизил ставки по потребительским кредитам,Сбербанк с 1 мая снизил ставки по потребительским кредитам минимальная ставка теперь составляет 179 процентов Об этом в воскресенье сообщает пресс-служба банка 
22-04-2022,20:00,Сбер подготовит специалистов в сфере IT в Сургуте,Сбер и правительство Ханты-Мансийского автономного округа Югры будут развивать стратегическое партнерство в сфере подготовки кадров в области информационных технологий а также откроют в Сургуте Школу 21 
18-04-2022,18:00,Сбербанк повысил ставку по накопительным счетам впервые за полтора года,С понедельника 18 апреля Сбербанк увеличил ставку по накопительным счетам впервые с осени 2020 года тогда она составляла 3 процентов Теперь же ставка выросла до 10 процентов подчеркивает кредитная организация 
18-04-2022,23:00,Сбербанк остановил масштабную атаку с Украины на карты россиян,После начала спецоперации России по защите Донбасса украинская компания – разработчик приложений провела несколько сотен тысяч попыток списаний средств по всей своей накопленной базе клиентов Сбербанк остановил эту масштабную атаку на карты россиян 
17-04-2022,21:00,Эксперт рассказал о новой волне мошенничества в интернете,Сбербанк ожидает новую волну атак мошенников на россиян Об этом рассказал в интервью РИА Новости зампред правления Сбербанка Станислав Кузнецов 
17-04-2022,23:00,ЕС может усилить санкции против энергетики и банковского сектора России,В Евросоюзе рассматривают шестой пакет санкций ЕС против России: ограничительные меры могут коснуться банковского сектора особенно Сбербанка речь в нем также идет и об энергетике Об этом заявила глава Еврокомиссии (ЕК) Урсула фон дер Ляйен 
15-04-2022,23:00,СП Сбера и VK продаст активы Ситимобила компании People&People,O2O-холдинг (совместное предприятие Сбера и VK) продаст часть активов Ситимобила управляющей компании People&amp;People в портфель которой входят Грузовичкоф Таксовичкоф Об этом 15 апреля сообщила пресс-служба VK 
15-04-2022,15:00,Эксперт рассказал об опасностях после удаления приложений банков из магазинов,После удаления приложений российских банков из App Store и Google Play пользователи рискуют столкнуться с вредоносным ПО которое мошенники начнут размещать на сторонних ресурсах под видом легитимных приложений 
13-04-2022,17:00,Сбер дал советы после ограничения оплаты картами Мир через SberPay,Сбербанк 13 апреля дал рекомендации после ограничения бесконтактной оплаты картами Мир со смартфона через сервис SberPay из-за решения технического партнера 
13-04-2022,16:00,Эксперт призвала не переживать из-за блокировки Сбербанка в AppStore и Google Play,Блокировка мобильного приложения Сбербанка в AppStore и Google Play это удар для бизнеса но клиенты смогут получать весь спектр услуг в веб-версии заявила в среду 13 апреля Известиям управляющий партнер компании Legal World советник антикоррупционного комитета при президенте РФ Ирина Калинина 
13-04-2022,15:00,В ЦБ предложили рассчитывать ремонт по ОСАГО с учетом цен аналогов запчастей,Банк России предложил рассчитывать стоимость ремонта по ОСАГО с учетом цен аналогов оригинальных запчастей Проект разработан из-за высокой неопределенности цен оригинальных запасных частей и проблем с их доступностью 
13-04-2022,14:00,Сбер сообщил об ограничении бесконтактной оплаты картами Мир через SberPay,Бесконтактная оплата картами Мир со смартфона через SberPay ограничена из-за решения технического партнера Об этом сообщает РИА Новости со ссылкой на Сбербанк 13 апреля 
13-04-2022,13:00,Приложение СберБанк Онлайн стало недоступно в Google Play,Мобильное приложение Сбербанка на платформе Android стало недоступно для скачивания магазине Google Play Об этом в среду 13 апреля сообщает пресс-служба финансовой организации 
12-04-2022,17:00,Эксперты отреагировали на удаление приложений Сбера из App Store,Удаление приложений Сбера из App Store приведет к созданию новых площадок для размещения российских продуктов считает директор по инновациям Меркатор Холдинг Павел Теплов 
12-04-2022,11:00,В Сбере прокомментировали удаление приложений банка из App Store,Из-за введенных санкций мобильные приложения Сбера на платформе iOS недоступны для скачивания и обновлений в магазине App Store Об этом 12 апреля сообщили в пресс-службе кредитной организации 
12-04-2022,10:00,Приложение СберБанк Онлайн стало недоступно для скачивания в App Store,Мобильное приложение Сбербанка на iOS стало недоступно для скачивания в магазине App Store Об этом во вторник 12 апреля говорится в сообщении российской финансовой организации 
12-04-2022,23:00,Япония ввела новые санкции против 398 человек и 28 организаций из РФ,Власти Японии утвердили дополнительные санкции против 398 человек и 28 организаций из России Об этом говорится в заявлении опубликованном во вторник 12 апреля на сайте японского МИДа 
10-04-2022,11:00,Сбербанк объявил о снижении ставок по вкладам,Сбербанк снизил ставки по вкладам в результате чего максимальная из них по рублевому депозиту упала с 19 до 16 процентов Об этом говорится в сообщении на сайте кредитной организации в воскресенье 10 апреля 
08-04-2022,17:00,Сбербанк остановил валютные переводы за границу,Сбербанк с 7 апреля остановил все переводы за границу в иностранной валюте в отделениях банка и в мобильном приложении Сбербанк Онлайн Об этом сообщили Известиям в пресс-службе кредитной организации в пятницу 
07-04-2022,21:00,В Госдуме разъяснили последствия санкций США для Сбербанка и Альфа-банка,Введение Вашингтоном санкций в отношении двух ведущих российских банков государственного Сбербанка и частного Альфа-банка означает полную блокировку их активов на территории США 
07-04-2022,17:00,Минфин предложит госбанкам отказаться от выплаты дивидендов за 2021 год,Минфин России предложит Сбербанку и ВТБ отказаться от выплаты дивидендов за 2021 год Об этом в четверг 7 апреля заявил журналистам в Госдуме министр финансов Антон Силуанов 
06-04-2022,18:00,В Сбере исключили существенное влияние санкций США на работу банка,Сбербанк продолжает работать в штатном режиме введенные США санкции не окажут существенного влияния на работу организации Об этом в среду 6 апреля сообщили в пресс-службе 
06-04-2022,18:00,В Сбербанке рассказали о работе в условиях планируемых США новых санкций,Сбербанк продолжает работать в штатном режиме а санкции не окажут существенного влияния на его работу и никак не отразятся на обслуживании россиян поскольку система уже адаптировалась к ранее введенным ограничениям 
04-04-2022,15:00,Сотрудницы Сбербанка подозреваются в инсценировке ограбления на 20 миллион рублей,Полицейские в Ростовской области задержали четверых подозреваемых в хищении денег из кассы Сбербанка Среди них две работницы банка сообщила официальный представитель МВД России Ирина Волк 
01-04-2022,18:00,Сбербанк заявил о прекращении работы лондонского офиса,Сбербанк в пятницу 1 апреля заявил что прекращает работу лондонского офиса по итогам переоценки его экономического потенциала 
30-03-2022,20:00,В Сбере позволят увеличить ипотечный кредит за счет маткапитала,С 1 апреля клиенты Сбера смогут использовать материнский капитал для увеличения суммы кредита в рамках программы Ипотека по двум документам 
30-03-2022,17:00,Сбербанк обнулит 31 марта одобренные до 1 марта ипотечные заявки,Заемщики которые до 1 марта получили одобрение Сбербанка на ипотеку но не успели выйти на сделку до 31 марта снова должны будут подавать заявление на одобрение кредита Об этом сообщили Известиям в кредитной организации в среду 30 марта 
30-03-2022,15:00,Сбер разрешил всем самозанятым брать ипотеку,Сбер разрешил всем самозанятым оформлять ипотечные кредиты на Домклик Для этого как сообщает пресс-служба банка нужно подтвердить свой заработок справкой о состоянии расчетов по налогу на профессиональный доход по форме ФНС 
25-03-2022,13:00,В Кремле назвали санкции США против Грефа санкциометанием,Санкции стран Запада против главы Сбербанка Германа Грефа это ковровое санкциометание которое никак не скажется на самой финансовой организации и не несет угроз для банковского сектора России 
24-03-2022,16:00,США ввели санкции против 328 депутатов Госдумы и других физических лиц,США в четверг 24 марта объявили о введении новых санкций против России Об этом говорится в заявлении американского минфина 
22-03-2022,14:00,В Сбербанке назвали причину прекращения работы сервиса переводов Alipay,Сервис пополнения кошельков Alipay реализовался в партнерстве с Western Union с 29 января и его работа была остановлена в связи с прекращением работы WU в России Об этом заявили Известиям в Сбербанке во вторник 22 марта 
21-03-2022,12:00,Систему голосового заполнения меддокументов запустят в Петербурге,В Санкт-Петербурге разрабатывают систему голосового заполнения медицинских документов Об этом в своем Telegram-канале сообщил губернатор города Александр Беглов 
18-03-2022,19:00,Сбербанк призвал клиентов временно отказаться от обновления ПО устройств,Сбербанк порекомендовал пользователям на время отказаться от обновления программного обеспечения (ПО) из-за роста рисков заражения устройств Об этом в пятницу 18 марта сообщила пресс-служба банка 
18-03-2022,17:00,Сбер сообщил о бесперебойном осуществлении переводов в страны ближнего зарубежья,Ограничения ряда сервисов по переводу денег за границу не коснутся денежных переводов в страны ближнего зарубежья Об этом сообщила пресс-служба Сбера 
18-03-2022,16:00,Эксперт прокомментировал ограничение Сбербанком переводов физлиц в пяти валютах,Абсолютно ничего страшного в том что Сбербанк не будет временно осуществлять переводы в скандинавских валютах иенах и франках нет так как доля этих переводов составляла не более 01 процентов от общего количества 
18-03-2022,12:00,Сбербанк ограничил переводы физлиц в пяти валютах,Сбербанк ограничил переводы физических лиц в пяти валютах на фоне санкций Об этом 18 марта сообщается в соцсетях банка 
17-03-2022,16:00,Сбер заявил о достаточном запасе золота для продажи физлицам,В Сбере заявили 17 марта о достаточном запасе золота в банке Однако ходовые слитки в некоторых отделениях могут заканчиваться еще до нового завоза из-за повышенного спроса 
16-03-2022,11:00,В СберАвто запустили продажи автомобилей Exeed,Китайская автомобильная компания Exeed сервисы СберАвто и СберАвтоподписка объявили о стратегическом партнерстве 
09-03-2022,14:00,Сбербанк опроверг продление работы карт Visa за границей,Сбербанк официально опроверг продление работы карт Visa за границей до 11 марта Об этом в среду 9 марта сообщила пресс-служба финансовой организации в Telegram 
07-03-2022,14:00,В Сбербанке рассказали о работе карт Visa и Masterсard в кошельках на смартфонах,Решение международных платежных систем приостановить работу в России не повлияет на работу карт Visa и Mastercard выпущенных Сбербанком 
06-03-2022,13:00,Сбербанк проработает возможность выпуска кобейджинговой карты Мир – UnionPay,Сбербанк прорабатывает возможность выпуска кобейджинговой карты Мир – UnionPay которую можно будет использовать для оплаты покупок и снятия наличных за рубежом Об этом сообщили в воскресенье 6 марта в банке 
06-03-2022,23:00,Сбербанк оценил влияние решений Visa и Mastercard на работу карт в РФ,В Сбербанке 6 марта заявили что решение международных платежных систем приостановить работу в РФ не повлияет на работу карт Visa и Mastercard внутри страны В то же время операции за рубежом и в иностранных интернет-магазинах будут ограничены 
03-03-2022,11:00,Клиенты Сбера за два дня разместили во вкладах 1 трлн рублей,Клиенты Сбера за два дня разместили в валютных и рублевых вкладах более 1 трлн рублей Об этом сообщает пресс-служба банка 
02-03-2022,16:00,В Сбере рассказали об устойчивом положении на рынке,Сбербанк опубликовал финансовую отчетность за прошлый год по международным стандартам финансовой отчетности Об этом сообщила пресс-служба компании 
02-03-2022,15:00,Максимальная ставка по вкладам в долларах в Сбербанке достигла 7 процентов,Максимальная ставка по вкладам в долларах в Сбербанке достигла 7 процентов годовых Такая доходность доступна при размещении определенной суммы средств на три месяца сообщили в среду 2 марта в пресс-службе Сбера 
02-03-2022,14:00,Греф заявил о сохранении надежности Сбербанка независимо от внешних условий,Сбербанк сохранит надежность независимо от внешних условий так как в последние годы кредитная организация обеспечила запас прочности и накопила опыт Об этом 2 марта заявил председатель правления банка Герман Греф 
02-03-2022,13:00,Сбербанк уйдет с европейского рынка,Сбербанк принял решение уйти с европейского рынка Об этом говорится в сообщении кредитной организации 2 марта 
02-03-2022,11:00,Сбербанк повысил максимальную ставку по вкладам до 21 процентов,Максимальная ставка по рублевому сберегательному продукту в Сбербанке теперь достигает 21 процентов по долларовому 6 процентов Об этом 2 марта сообщили в пресс-службе организации 
01-03-2022,15:00,Эксперты объяснили необходимость повышения ставок по ипотеке,Текущая экономическая ситуация в России вынудила банки поднять ставки по ипотеке 
01-03-2022,12:00,В Сбербанке оценили введенные Великобританией санкции,Санкции которые ввели власти Великобритании в отношении Сбербанка не повлияют на российских клиентов Банк будет изучать принятые санкции по мере появления документов Об этом 1 марта сообщила пресс-служба банка 
01-03-2022,11:00,Великобритания ввела санкции против Сбербанка,Власти Великобритании ввели санкции против корреспондентских счетов Сбербанка а также запретили клиринговые операции в фунтах Соответствующий документ опубликован 1 марта на сайте минфина страны 
01-03-2022,23:00,Сбербанк повысил ставки по ипотеке до 186 процентов,Сбербанк принял решение повысить с 1 марта ставки по ипотеке на готовое и строящееся жилье на 73 процентного пункта до 186 процентов годовых Об этом во вторник сообщила пресс-служба кредитной организации 
28-02-2022,13:00,Сбер поддержит свои дочерние банки в Белоруссии и Казахстане,Сбербанк открыл дополнительную резервную линию для своих дочерних банков в Белоруссии и Казахстане и окажет им поддержку в случае необходимости Об этом сообщила пресс-служба банка 
27-02-2022,12:00,Сбербанк заявил о штатной работе всех платежных сервисов,Все платежные системы Сбербанка работают без перебоев в штатном режиме на территории России Об этом в воскресенье 27 февраля заявили Известиям в пресс-службе кредитной организации 
25-02-2022,14:00,Банки России отреагировали на введение санкций против них Главное,Накануне США расширили санкции против российского государственного долга в ответ на решение президента РФ Владимира Путина провести спецоперацию по защите мирного населения Донбасса 
20-02-2022,23:00,Клиенты Сбербанка сообщили о сбоях в работе мобильного приложения,Пользователи сообщили о сбое в работе приложения Сбербанк Онлайн Это следует из данных сервиса Downdetector который отслеживает сбои и отключения на популярных интернет-ресурсах 
18-02-2022,14:00,Сбер выступил за саморегулирование на цифровых рынках,Сбер поддержал Принципы взаимодействия участников цифровых рынков Подписанный документ закладывает основу для прозрачных условий работы и добросовестной конкуренции сообщает пресс-служба банка 
18-02-2022,12:00,Сбербанк повысил ставки по ипотеке и вкладам,С 18 февраля Сбербанк повысил ставки по ипотеке на один процентный пункт (п п ) до 113 процентов Изменения коснутся готового и строящегося жилья Об этом в пятницу сообщила пресс-служба банка 
17-02-2022,16:00,Одежда и обувь стали самыми популярными покупками по SberPay в 2021 году,В 2021 году большинство покупок по SberPay (67 процентов) совершались в магазинах одежды и обуви 
17-02-2022,12:00,Сбер назвали лучшим работодателем России,Сбер занял первое место среди работодателей России в рейтинге HeadHunter Банк набрал максимальный совокупный балл 1264 говорится в сообщении на сайте Сбера 
15-02-2022,15:00,Лев Хасис покинет правление Сбербанка,Первый зампред правления Сбера Лев Хасис оставит по собственному желанию должность и возглавит новый холдинг банка в области электронной коммерции Об этом во вторник 15 февраля сообщили в пресс-службе банка 
11-02-2022,16:00,Набиуллина назвала способы справиться с инфляцией,Банк России будет повышать ключевую ставку до тех пор пока россияне не поймут что ставки по вкладам компенсируют им инфляцию Об этом заявила в пятницу 11 февраля глава ЦБ РФ Эльвира Набиуллина 
02-02-2022,15:00,Всё включено: Сбер и Тинькофф опередили Яндекс по выгоде подписок,Удобство финансовых инструментов россияне оценили выше чем lifestyle-сервисов 
01-02-2022,13:00,Эксперт заявил о невозможности импортозамещения в случае технологических санкций,В текущей ситуации импортозамещение в случае отключения российских компаний от иностранного ПО и электроники невозможно без катастрофической потери конкурентоспособности сервисов предоставляемых компаниями России 
01-02-2022,10:00,СМИ узнали об учениях Сбербанка из-за угрозы санкций США,Сбербанк на прошлой неделе провел технологические учения в ходе которых смоделировал отключение от иностранного ПО и электроники включая Microsoft Nvidia VMware SAP Oracle и Intel 
01-02-2022,12:00,Сбербанк поднял ставки по ипотеке с 1 февраля,Сбербанк со вторника 1 февраля повысил ставки по ипотеке на готовое и строящееся с жилье на 1 п п до 103 процентов Соответствующие данные следуют из информации опубликованной на сайте банка 
31-01-2022,14:00,Экономист предсказал востребованность сервиса второй руки Сбербанка,Новый сервис Сбербанка для защиты от мошенников с помощью которого онлайн-переводы клиента можно будет отправлять на проверку доверенному лицу является дополнительным барьером для нежелательных операций 
31-01-2022,13:00,Сбербанк запустил сервис для проверки переводов доверенным лицом,Сбербанк запускает новый сервис для защиты от мошенников с помощью которого онлайн-переводы клиента можно будет отправлять на проверку близкому человеку Об этом сообщается на сайте банка в понедельник 31 января 
31-01-2022,23:00,Банки РФ рассказали про внедрение визуализированных помощников,Компании России активно внедряют визуализированных помощников Крупнейшие банки в том числе Сбер Тинькофф ВТБ Альфа-банк Райффайзенбанк уже задействовали подобные технологии Об этом Известиям сообщили в кредитных организациях 
26-01-2022,19:00,Инвестиционный стратег оценил покупку Сбером российских магазинов Стокманн,Подписание Сбером и владельцем российской сети магазинов одежды обуви и товаров для дома Стокманн Яковом Панченко соглашения о покупке 100 процентов доли торговой сети логичный шаг для Сбера 
26-01-2022,14:00,Сбер купит российские магазины одежды Стокманн,Сбер и владелец российской сети магазинов одежды обуви и товаров для дома Стокманн Яков Панченко подписали соглашение о покупке 100 процентов доли торговой сети Об этом говорится в сообщении Сбербанка которое поступило в Известия в среду 26 января 
26-01-2022,10:00,Сбер обогнал Ferrari по силе бренда в Global 500 2022,Сбер занял первое место в Европе по показателю Сила бренда (Brand Strength Index BSI) согласно отчету Global 500 2022 международной консалтинговой компании Brand Finance 
25-01-2022,18:00,Сбер создал Детектор будущего для молодежи в честь Дня студента,Сбер 25 января представил новый молодежный проект на базе нейросети Детектор будущего приуроченный к празднованию Дня студента Программа призвана помочь молодежи выбрать сферу профессионального развития 
21-01-2022,23:00,Банкам упростят выявление фирм-однодневок,ФНС в 2022 году запустит сервис для кредитных организаций с помощью которого они в автоматическом режиме смогут отслеживать адреса регистраций своих клиентов-юрлиц на предмет массовости 
14-01-2022,13:00,Сбер получил рекордную чистую прибыль в 2021 году,Сбер подвел финансовые итоги 2021 года по российским стандартам отчетности Об этом сообщила пресс-служба кредитной организации 
13-01-2022,14:00,Сбербанк отправит 50 процентов работников на удаленку,На удаленный формат работы с 17 января перейдут 50 процентов работников Сбербанка Об этом 13 января заявил журналистам председатель правления кредитно-финансовой организации Герман Греф в кулуарах Гайдаровского форума 
13-01-2022,13:00,Греф заявил о готовности к любым возможным санкциям со стороны США,Сбербанк не пугают новые возможные санкции Об этом 13 января заявил журналистам председатель правления кредитно-финансовой организации Герман Греф в кулуарах Гайдаровского форума 
12-01-2022,15:00,Роснефть обогнала по рыночной капитализации Сбербанк,Российская нефтяная компания Роснефть обогнала по уровню рыночной капитализации Сбербанк Об этом 12 января свидетельствуют данные Московской биржи 
11-01-2022,19:00,Сбербанк восстановил работу банкоматов и отделений во всех регионах Казахстана,Работа отделений и банкоматов Сбербанка на всей территории Казахстана на данный момент восстановлена практически все они функционируют в штатном режиме Об этом Известиям сообщили в пресс-службе компании во вторник 11 января 
09-01-2022,13:00,В Сбербанке сообщили о восстановлении работы приложения в Казахстане,Сервисы мобильного приложения Сбербанка в Казахстане восстанавливают работу Они будут функционировать без доступа в интернет Об этом 9 января сообщили в пресс-службе кредитной организации 
29-12-2021,12:00,тысяч эффективных сотрудников станут акционерами Сбера,Правление Сбербанка запустит программу долгосрочной мотивации лучших сотрудников тысяч специалистов получит часть вознаграждения акциями Сбера в честь 180-летия компании Об этом 29 декабря сообщается на сайте банка 
27-12-2021,23:00,Мы планируем интегрировать в наши алгоритмы цифровое зрение,Директор по развитию СберСтрахования Александр Гогленков о цифровом векторе компании и инновационных финпродуктах 
18-12-2021,16:00,НМГ и Сберинтертеймент создали предприятие для трансляции спортивных событий,Холдинг Национальная медиа группа (НМГ) и группа компаний Сберинтертеймент создали совместное предприятие ООО Телеспорт груп 
13-12-2021,18:00,Газпром нефть привлечет 30 миллиард рублей на экопроекты в Омске,Российская нефтяная компания Газпром нефть получила одобрение на субсидирование процентов по зеленому финансированию в рамках спецотбора Межведомственной комиссии Министерства промышленности и торговли РФ
08-12-2021,15:00,В Сбербанке прокомментировали дело владельца Рив Гоша,Представители Сбербанка в среду 8 декабря прокомментировали дело владельца компании Рив Гош и совладельца ритейлера Юлмарт Августа Мейера 
07-12-2021,14:00,Греф назвал небылицами сообщения СМИ о готовящихся санкциях против России,Глава Сбербанка Герман Греф назвал небылицами и чушью несусветной информацию западных СМИ про ограничение конвертации рубля из-за возможных новых санкций США против России Об этом банкир заявил журналистам во вторник 7 декабря 
06-12-2021,17:00,Сбербанк увеличил максимальную сумму ипотечного кредита до 100 миллион рублей,Сбербанк увеличил максимальную сумму ипотечного кредита с 60 миллион до 100 миллион рублей Об этом 6 декабря сообщает пресс-служба кредитной организации 
04-12-2021,17:00,Греф рассказал о больших перспективах ESG-отрасли для инвестирования,Инвестирование в российские ESG-отрасли IT-сферу сельское хозяйство и инфраструктуру имеет большие перспективы Об этом 4 декабря заявил председатель правления Сбербанка Герман Греф 
02-12-2021,18:00,Эксперт предупредил о риске лишиться жилья из-за мошенников,Россиян предупредили об опасности лишиться жилья из-за нового вида мошенничества Овозможных рисках в четверг 2 декабря сообщил начальник управления противодействия кибермошенничеству Сбербанка Сергей Велигодский 
01-12-2021,21:00,Сбер провел конференцию по созданию национального ESG-альянса,Сбер провел первую конференцию посвященную созданию национального ESG-альянса По ее итогам было подписано соглашение о сотрудничестве Об этом стало известно 1 декабря 
30-11-2021,10:00,Сбербанк повысил ставки по вкладам до 7 процентов,Сбербанк повысил ставки по вкладам Максимальная базовая ставка теперь составляет 701 процентов Об этом во вторник 39 ноября следует из сообщения банка 
26-11-2021,15:00,Сбер признан рекламодателем года на Международном фестивале рекламы,Сбер был признан победителем в специальной номинации 30-го Международного фестиваля рекламы Red Apple компания стала Рекламодателем года Об этом сообщается в пятницу 26 ноября на сайте банка 
23-11-2021,14:00,Сбер открыл первый региональный флагманский офис нового формата,В Воронеже во вторник 23 ноября состоялось открытие первого флагманского офиса Сбера нового формата 
19-11-2021,20:00,Сбер впервые признали лучшим розничным цифровым банком в мире,Сбер впервые признан лучшим розничным цифровым банком мира по итогам ежегодного исследования Global Finance Об этом сообщается в пятницу 19 ноября на сайте компании 
19-11-2021,23:00,В Сбере оценили долю мошеннических звонков из-за рубежа в 70 процентов,Доля мошеннических звонков из-за рубежа достигла 70 процентов заявил в интервью Известиям зампред правления Сбера Станислав Кузнецов 
19-11-2021,22:00,Злоумышленники использовали Игру в кальмара для обмана россиян,Мошенники использовали бренд Игры в кальмара для обмана россиян выпустив вредоносные приложения и программы с таким же названием Об этом в интервью Известиям рассказал зампред правления Сбера Станислав Кузнецов 
19-11-2021,21:00,В Сбере спрогнозировали сокращение мошеннических звонков на 60 процентов,Количество мошеннических телефонных звонков из-за рубежа с подменой номера сократится минимум на 60 процентов 
19-11-2021,20:00,Доля мошеннических звонков из-за рубежа достигла 70 процентов,Зампред правления Сбера Станислав Кузнецов о новых схемах обмана Игре в кальмара и способах сохранить свои деньги 
17-11-2021,17:00,Сбер подписал соглашение с Автобаном и Российскими автомобильными дорогами,Сбер подписал соглашение о сотрудничестве с компанией Российские автомобильные дороги и АО Дорожно-строительная компания Автобан Об этом в среду 17 ноября сообщили в пресс-службе банка 
15-11-2021,15:00,Эксперт спрогнозировал реакцию банков на повышение Сбером ставок по ипотеке,Младший директор по банковским рейтингам Эксперт РА Вячеслав Путиловский в понедельник 15 ноября спрогнозировал реакцию банковского сектора на повышение Сбербанком ставок по ипотеке 
15-11-2021,11:00,Сбербанк повысил ставки по ипотеке на новостройки и вторичное жилье,Сбербанк повысил ставки по ипотеке на новостройки на 04 п п до 88 процентов Также на 06 п п повысились ставки на вторичное жилье до 91 процентов Об этом 15 ноября сообщается на сайте кредитной организации 
13-11-2021,23:00,Сбер продаст Газпромбанку 36 процентов акций в компании совладельце VK,Сбербанк собирается продать Газпромбанку 36 процентов акций в АО МФ Технологии являющемся совладельцем Mail Ru Group Limited (VK) за 128 миллиард рублей Об этом говорится 12 ноября в сообщении Сбербанка
12-11-2021,19:00,Путин назвал Сбер примером масштабных перемен в мире,Сбер показывает пример масштабных перемен которые происходят во всем мире Об этом 12 ноября заявил президент России Владимир Путин 
12-11-2021,12:00,Космонавты поздравили Сбербанк со 180-летием с околоземной орбиты,В преддверии 180-летнего юбилея Сбербанка 12 ноября космонавты Роскосмоса Антон Шкаплеров и Петр Дубров находящиеся на Международной космической станции (МКС) 11 ноября записали видеопоздравление в котором пожелали Сберу энергии для новых побед 
12-11-2021,23:00,У самозанятых может появиться единый пенсионный план,Для самозанятых которые работают на крупные экосистемы наподобие Яндекса или Сбера могут создать единый негосударственный пенсионный план 
12-11-2021,22:00,Платформализм: самозанятым хотят создать единый пенсионный план,Какие еще социальные гарантии могут появиться у работающих на маркетплейсы и агрегаторы 
11-11-2021,16:00,Сбер представил свой новый суперкомпьютер Christofari Neo,Сбер совместно с дочерней компанией SberCloud представили новый высокопроизводительный российский суперкомпьютер Christofari Neo 
09-11-2021,16:00,Сбербанк будет искать возможность ухода с рынка Украины,Сбербанк продолжает искать вариант продажи банка на Украине но в этом вопросе много юридических сложностей Такое заявление 9 ноября сделал председатель правления Сбербанка Герман Греф 
08-11-2021,11:00,В России запустили новый сервис выкупа машин у частных лиц,Сервис для покупки и продажи авто онлайн СберАвто объявил о запуске программы выкупа автомобилей у частных лиц 
04-11-2021,23:00,Сбербанк продаст банки в Европе с активами на евро 73 миллиард,Сбербанк Европа распродаст несколько дочерних банков в Боснии и Герцеговине Хорватии Венгрии Сербии и Словении чтобы сосредоточиться на приоритетных рынках сообщили в пресс-службе финансовой организации в среду 3 ноября 
01-11-2021,23:00,Сбербанк позволит делать инвестиции от 100 рублей,В ноябре у клиентов Сбербанка появится возможность делать микроинвестиции: планируется запустить продукт позволяющий вкладываться в фондовый рынок от 100 рублей 
01-11-2021,22:00,В прошлом году произошла настоящая реинкарнация ИСЖ,Руководитель блока Управление благосостоянием Сбербанка Наталья Алымова о вызовах и трендах инвестиционного и страхового бизнеса 
29-10-2021,17:00,Аналитики оценили финансовые результаты Сбербанка с начала года,Аналитики высоко оценили финансовые результаты которые группа Сбербанка показала за первые девять месяцев 2021 года Комментарии экспертов поступили в распоряжение Известий в пятницу 29 октябрь 
28-10-2021,18:00,Выручка экосистемы Сбера выросла почти в три раза с начала 2021 года,За девять месяцев 2021 года выручка нефинансового сектора Сбербанка выросла в 28 раза до 1217 миллиард рублей Такие данные следуют из отчетности группы по МСФО (есть в распоряжении Известий)
28-10-2021,16:00,Мосгорсуд оставил в СИЗО сожителя экс-замглавы Минпросвещения Раковой,Мосгорсуд оставил гражданского мужа экс-вице-президента Сбербанка и бывшего заместителя главы Минпросвещения Марины Раковой Артура Стеценко в СИЗО Об этом в четверг 28 октябрь сообщили в пресс-службе суда 
28-10-2021,15:00,Сбер повысит зарплаты сотрудникам на 7 процентов в 2022 году,Сбер планирует повысить зарплаты сотрудникам на 7 процентов в 2022 году Об этом заявила старший вице-президент руководитель блока HR Сбера Наталья Дудина 
26-10-2021,14:00,Путин обсудил с Грефом вопросы развития Сбербанка,Президент России Владимир Путин провел рабочую встречу с председателем правления ПАО Сбербанк Германом Грефом Об этом говорится в сообщении опубликованном во вторник 26 октябрь на сайте Кремля 
13-10-2021,16:00,Россети и Сбербанк повысят надежность банковской инфраструктуры,Сбербанк и Россети намерены совместно предотвращать нарушения работы банковской инфраструктуры 
07-10-2021,15:00,Сбербанк стал самым дорогим банком в Европе,Сбербанк в четверг 7 октябрь обнародовал финансовые результаты по итогам 9 месяцев 2021 года Чистая прибыль организации за этот период составила 937 миллиард рублей а рентабельность капитала 255 процентов 
06-10-2021,12:00,Сбербанк уволил Ракову с поста вице-президента 4 октябрь,Экс-замглавы Минпросвещения Марина Ракова не является вице-президентом Сбербанка с 4 октябрь Об этом сообщил источник ТАСС в кредитной организации 6 октябрь 
05-10-2021,15:00,Сбербанк устранил сбой в работе приложения,Мобильное приложение Сбербанк Онлайн работает в штатном режиме сообщили 5 октябрь в пресс-службе кредитной организации 
05-10-2021,14:00,Массовый сбой произошел в работе приложения Сбербанка,В работе приложения Сбербанка произошел массовый сбой Об этом свидетельствуют данные отслеживающего работу интернет-ресурсов портала Downdetector во вторник 5 октябрь 
02-10-2021,16:00,Муж скрывшейся Раковой прокомментировал уголовное дело в отношении нее,Супруг вице-президента Сбербанка и экс-замглавы Минпросвещения Марины Раковой сбежавшей после обысков по делу о хищениях более 50 миллион рублей дал комментарий по данному делу 
01-10-2021,18:00,В Сбербанке рассказали о содействии следствию по делу Раковой,Сбербанк оказывается содействие следственным органам по уголовному делу в отношении вице-президента банка Марины Раковой Об этом 1 октябрь сообщили в банке отметив что дело никак не связано с деятельностью Раковой в Сбербанке 
01-10-2021,10:00,Сбербанк повысил ставки по ипотеке,Сбербанк с пятницы 1 октябрь повысил ставки по ипотечным кредитам на покупку жилья в новостройках и на вторичном рынке Об этом свидетельствуют данные пресс-релиза банка 
30-09-2021,23:00,Суд арестовал управляющего директора Сбербанка Евгения Зака,Тверской суд Москвы арестовал на два месяца управляющего директора Сбербанка Евгения Зака по подозрению в мошенничестве сообщает 30 сентября пресс-служба Тверского районного суда города Москвы 
30-09-2021,19:00,На Украине обнаружили центр по обману клиентов одного из российских банков,Колл-центр занимающийся обманом клиентов одного из российских банков обнаружен в центре Киева недалеко от здания центрального аппарата Службы безопасности Украины Об этом в четверг 30 сентября сообщает издание Страна ua 
30-09-2021,18:00,Дом экс-замглавы Минпросвещения Раковой сняли с коптера,В распоряжении Известий 30 сентября появилась видеозапись на которой запечатлен дом вице-президента Сбербанка и бывшего заместителя министра просвещения Марины Раковой 
30-09-2021,17:00,Сбер открыл платформу для объединения участников венчурного рынка SberUnity,Сбер открывает доступ к платформе SberUnity Она призвана объединить участников венчурного рынка Об этом 30 сентября сообщил первый заместитель председателя правления Сбербанка Лев Хасис в ходе пресс-конференции посвященной запуску платформы 
30-09-2021,12:00,Обязанности Раковой на время следствия будет исполнять один из сотрудников Сбербанка,На время следствия по делу вице-президента Сбербанка Марины Раковой ее обязанности будет исполнять один из сотрудников банка Об этом сообщили в четверг 30 сентября в компании 
30-09-2021,11:00,В деле вице-президента Сбербанка Раковой фигурирует частный вуз Шанинка,В качестве подрядчика госконтрактов при фальсификациях отчетов по проводимым научным исследованиям был привлечен российско-британский частный вуз Московская высшая школа социальных и экономических наук также известный как Шанинка 
29-09-2021,21:00,У бывших коллег вице-президента Сбербанка Раковой провели обыски,По делу о хищениях более 50 миллион рублей прошли обыски у бывшего заместителя главы Минпросвещения РФ и вице-президента Сбербанка Марины Раковой а также у ее бывших коллег по министерству Об этом 29 сентября сообщил источник РЕН ТВ 
29-09-2021,18:00,Источник сообщил о допросе вице-президента Раковой по делу о хищениях,Следователи допрашивают бывшего заместителя главы Минпросвещения РФ и вице-президента Сбербанка Марину Ракову по делу о хищении Об этом 29 сентября сообщает осведомленный источник 
29-09-2021,17:00,Опубликовано видео обысков у вице-президента Сбербанка Раковой,Появились кадры обысков которые прошли в доме и офисе бывшего замглавы Минпросвещения РФ и вице-президента Сбербанка Марины Раковой Видео есть в распоряжении Известий 
29-09-2021,17:00,В Сбербанке прокомментировали дело о хищении при участии вице-президента Раковой,Дело о хищении фигурантом которого стала бывший заместитель главы Минпросвещения РФ и вице-президент Сбербанка Марина Ракова не имеет отношения к работе компании Об этом заявили в банке 29 сентября 
29-09-2021,16:00,Бывшая замглавы Минпросвещения Ракова стала фигурантом дела о хищении,Бывший заместитель главы Минпросвещения РФ и вице-президент Сбербанка Марина Ракова стала фигурантом дела о хищении более 50 миллион рублей Об этом 29 сентября пишет РИА Новости со ссылкой на источник